file_name,color_id
1000000004.jpg,10
1000000033.jpg,2
1000000678.jpg,11
1000001233.jpg,2
1000001547.jpg,11
1000002149.jpg,7
1000002504.jpg,9
1000002716.jpg,9
1000002965.jpg,11
1000003056.jpg,3
1000004440.jpg,9
1000004452.jpg,11
1000004940.jpg,12
1000005051.jpg,8
1000005059.jpg,8
1000005163.jpg,11
1000005261.jpg,2
1000005280.jpg,7
1000005416.jpg,1
1000005435.jpg,7
1000005517.jpg,12
1000005548.jpg,10
1000005599.jpg,2
1000005689.jpg,8
1000006528.jpg,12
1000007140.jpg,11
1000007677.jpg,9
1000008466.jpg,9
1000008822.jpg,11
1000008927.jpg,11
1000009723.jpg,3
105184729.jpg,2
105186437.jpg,11
105196162.jpg,7
105205036.jpg,8
105206959.jpg,6
105208386.jpg,7
105209081.jpg,5
105209589.jpg,10
105210153.jpg,9
105211158.jpg,12
105212883.jpg,11
105212924.jpg,8
105213149.jpg,10
105213565.jpg,9
105214489.jpg,8
105214639.jpg,12
105214726.jpg,5
105215171.jpg,12
105215310.jpg,6
105216055.jpg,8
105216591.jpg,12
105216851.jpg,8
105217076.jpg,10
105218636.jpg,10
105218965.jpg,12
105219357.jpg,7
105220461.jpg,6
105220691.jpg,12
105221099.jpg,1
105223366.jpg,8
105223424.jpg,12
105224824.jpg,12
105227035.jpg,6
105227099.jpg,8
105228418.jpg,12
105229210.jpg,7
105229372.jpg,10
105229456.jpg,12
105230129.jpg,12
105230907.jpg,11
105231620.jpg,12
105231883.jpg,8
105232761.jpg,8
105234006.jpg,12
105234109.jpg,9
105234213.jpg,8
105234514.jpg,12
105235720.jpg,8
105236442.jpg,6
105236881.jpg,8
105237172.jpg,8
105237366.jpg,10
105239264.jpg,8
105239817.jpg,12
105240203.jpg,8
105240718.jpg,7
105241765.jpg,8
105242319.jpg,8
105243776.jpg,6
105244451.jpg,8
105246643.jpg,12
105248083.jpg,10
105248461.jpg,8
105249058.jpg,12
105249157.jpg,7
105250041.jpg,12
105250422.jpg,12
105251804.jpg,8
105254413.jpg,8
105254526.jpg,8
105255782.jpg,8
105256378.jpg,7
105257022.jpg,12
105257791.jpg,8
105258130.jpg,7
105258501.jpg,8
105259709.jpg,10
105259921.jpg,8
105259969.jpg,8
105260198.jpg,8
105260483.jpg,12
105261230.jpg,5
105262978.jpg,7
105263429.jpg,12
105265786.jpg,12
105266313.jpg,8
105266517.jpg,12
105266671.jpg,12
105268397.jpg,8
105268735.jpg,12
105269104.jpg,12
105269196.jpg,7
105269344.jpg,12
105269545.jpg,12
105271702.jpg,12
105272338.jpg,6
105272558.jpg,12
105272570.jpg,12
105272858.jpg,5
105273534.jpg,10
105277877.jpg,11
105279174.jpg,12
105280521.jpg,12
105280523.jpg,12
105280831.jpg,7
105281237.jpg,12
105281243.jpg,8
105281536.jpg,5
105281628.jpg,12
105283273.jpg,12
105283314.jpg,12
105285255.jpg,12
105286461.jpg,12
105289138.jpg,11
105289675.jpg,12
105290067.jpg,12
105290595.jpg,10
105290875.jpg,7
105291352.jpg,12
105293336.jpg,5
105294765.jpg,5
105295333.jpg,7
105296367.jpg,12
105296586.jpg,12
105296777.jpg,12
105297726.jpg,10
105298180.jpg,12
105298573.jpg,8
105298612.jpg,10
105298751.jpg,8
105298960.jpg,6
105299886.jpg,12
105300328.jpg,12
105301828.jpg,11
105302842.jpg,8
105303891.jpg,5
105303936.jpg,6
105303998.jpg,12
105304719.jpg,7
105305920.jpg,12
105307778.jpg,6
105312744.jpg,8
105316089.jpg,6
105316589.jpg,8
105318184.jpg,8
105318526.jpg,12
105318661.jpg,8
105320067.jpg,7
105321068.jpg,10
105322522.jpg,8
105323988.jpg,6
105326020.jpg,7
105326074.jpg,1
105326768.jpg,1
105327581.jpg,7
105328771.jpg,8
105328782.jpg,7
105329042.jpg,8
105329115.jpg,8
105330759.jpg,10
105331260.jpg,1
105332055.jpg,5
105332120.jpg,12
105332224.jpg,8
105332324.jpg,1
105333843.jpg,5
105335593.jpg,8
105335896.jpg,11
105336031.jpg,6
105336494.jpg,12
105337040.jpg,11
105337581.jpg,6
105338411.jpg,12
105338887.jpg,8
105338940.jpg,3
105339262.jpg,8
105339937.jpg,2
105340168.jpg,2
105341716.jpg,7
105342475.jpg,8
105344084.jpg,8
105344793.jpg,12
105345223.jpg,10
105345427.jpg,12
105345558.jpg,7
105345917.jpg,10
105346458.jpg,6
105346946.jpg,9
105348044.jpg,12
105348383.jpg,12
105348726.jpg,8
105348729.jpg,10
105349525.jpg,7
105350559.jpg,8
105350640.jpg,10
105351155.jpg,8
105354257.jpg,10
105354684.jpg,11
105355083.jpg,7
105356433.jpg,8
105359658.jpg,8
105360710.jpg,8
105360838.jpg,12
105362067.jpg,6
105362140.jpg,8
105362617.jpg,12
105363724.jpg,7
105364447.jpg,6
105364564.jpg,6
105365438.jpg,8
105365999.jpg,10
105367896.jpg,6
105370086.jpg,7
105370852.jpg,5
105374529.jpg,8
105374962.jpg,2
105376108.jpg,12
105377442.jpg,3
105378258.jpg,5
105380756.jpg,12
105380881.jpg,12
105381994.jpg,10
105382645.jpg,12
105382972.jpg,11
105383457.jpg,12
105384138.jpg,5
105384379.jpg,5
105384425.jpg,12
105385365.jpg,7
105386200.jpg,5
105386202.jpg,6
105387188.jpg,12
105387486.jpg,12
105389068.jpg,12
105389505.jpg,12
105390920.jpg,11
105391640.jpg,6
105391900.jpg,10
105392474.jpg,12
105392838.jpg,12
105394411.jpg,5
105394490.jpg,6
105395799.jpg,10
105398934.jpg,10
105400764.jpg,6
105401170.jpg,10
105402332.jpg,12
105402946.jpg,10
105403751.jpg,12
105404730.jpg,12
105406155.jpg,12
105406445.jpg,2
105406596.jpg,8
105406624.jpg,7
105407050.jpg,9
105409168.jpg,12
105410132.jpg,12
105411555.jpg,10
105412161.jpg,12
105412203.jpg,7
105412470.jpg,10
105412727.jpg,9
105412757.jpg,10
105412912.jpg,12
105416473.jpg,12
105416761.jpg,12
105416985.jpg,5
105417923.jpg,6
105418426.jpg,10
105419436.jpg,7
105419780.jpg,12
105420424.jpg,8
105420598.jpg,5
105421700.jpg,7
105422450.jpg,7
105422869.jpg,6
105424013.jpg,12
105426260.jpg,12
105429636.jpg,5
105429837.jpg,12
105432474.jpg,6
105432845.jpg,7
105433059.jpg,8
105434940.jpg,10
105436952.jpg,12
105437323.jpg,6
105437504.jpg,12
105437926.jpg,10
105439617.jpg,6
105440480.jpg,6
105441359.jpg,5
105441497.jpg,7
105442113.jpg,10
105442432.jpg,12
105442695.jpg,10
105442768.jpg,10
105443083.jpg,2
105443449.jpg,12
105444683.jpg,10
105448780.jpg,12
105449021.jpg,6
105449115.jpg,10
105450124.jpg,7
105450308.jpg,10
105451134.jpg,5
105451696.jpg,10
105451892.jpg,12
105452343.jpg,12
105452733.jpg,12
105455139.jpg,7
105455441.jpg,8
105455656.jpg,2
105455985.jpg,2
105456985.jpg,2
105457438.jpg,11
105458074.jpg,9
105459558.jpg,6
105461888.jpg,10
105462955.jpg,12
105464610.jpg,12
105465018.jpg,2
105465275.jpg,10
105465487.jpg,6
105466195.jpg,10
105466609.jpg,10
105468629.jpg,10
105469513.jpg,12
105469866.jpg,5
105471149.jpg,8
105471662.jpg,6
105471884.jpg,2
105472943.jpg,12
105474792.jpg,6
105474936.jpg,8
105475443.jpg,11
105475776.jpg,2
105478293.jpg,2
105478717.jpg,1
105478916.jpg,12
105479705.jpg,5
105480124.jpg,12
105480277.jpg,5
105480691.jpg,10
105480704.jpg,7
105480826.jpg,12
105480912.jpg,7
105481216.jpg,12
105483030.jpg,10
105483487.jpg,6
105484094.jpg,5
105487095.jpg,7
105487147.jpg,6
105487485.jpg,7
105488508.jpg,7
105488915.jpg,6
105489077.jpg,7
105489496.jpg,4
105489601.jpg,2
105489797.jpg,7
105490344.jpg,7
105490733.jpg,5
105491060.jpg,10
105491153.jpg,2
105491856.jpg,7
105492107.jpg,10
105494727.jpg,9
105495069.jpg,7
105495303.jpg,2
105495775.jpg,6
105495786.jpg,2
105495789.jpg,12
105495979.jpg,6
105496524.jpg,10
105497023.jpg,10
105498651.jpg,9
105498695.jpg,6
105498883.jpg,5
105499875.jpg,2
105500271.jpg,2
105500962.jpg,10
105501804.jpg,1
105502376.jpg,3
105502691.jpg,7
105504120.jpg,7
105506113.jpg,7
105506987.jpg,5
105507350.jpg,7
105507838.jpg,7
105507844.jpg,8
105507892.jpg,6
105509472.jpg,7
105509639.jpg,8
105510105.jpg,6
105510225.jpg,6
105510258.jpg,12
105510649.jpg,9
105511529.jpg,6
105511750.jpg,9
105511776.jpg,6
105511972.jpg,6
105514393.jpg,6
105514539.jpg,12
105515136.jpg,6
105516600.jpg,7
105516948.jpg,3
105518393.jpg,7
105518673.jpg,7
105519011.jpg,5
105519961.jpg,9
105523823.jpg,6
105523959.jpg,10
105525384.jpg,5
105525502.jpg,11
105525612.jpg,9
105527240.jpg,10
105527697.jpg,11
105528781.jpg,12
105528977.jpg,6
105529644.jpg,12
105531495.jpg,5
105531727.jpg,10
105531888.jpg,12
105532097.jpg,5
105533568.jpg,2
105533708.jpg,5
105535002.jpg,2
105535192.jpg,6
105536199.jpg,7
105537718.jpg,1
105538238.jpg,12
105538327.jpg,5
105538346.jpg,7
105539299.jpg,6
105540516.jpg,5
105540519.jpg,6
105541810.jpg,9
105542165.jpg,5
105542368.jpg,10
105542459.jpg,9
105543645.jpg,7
105543885.jpg,10
105544375.jpg,12
105544923.jpg,11
105546133.jpg,10
105547610.jpg,6
105548235.jpg,2
105549385.jpg,10
105550009.jpg,1
105553909.jpg,10
105555622.jpg,10
105555811.jpg,2
105556735.jpg,6
105558525.jpg,11
105559042.jpg,4
105559277.jpg,7
105559548.jpg,7
105559925.jpg,6
105560007.jpg,9
105560147.jpg,10
105560396.jpg,11
105560784.jpg,5
105562010.jpg,1
105562517.jpg,12
105563703.jpg,8
105563879.jpg,7
105564323.jpg,9
105565095.jpg,10
105565547.jpg,3
105565801.jpg,8
105566011.jpg,9
105566533.jpg,12
105568066.jpg,9
105569606.jpg,9
105570916.jpg,5
105571378.jpg,10
105571532.jpg,10
105571802.jpg,6
105572420.jpg,2
105573485.jpg,12
105574746.jpg,6
105574768.jpg,5
105575622.jpg,6
105575746.jpg,12
105575820.jpg,10
105576306.jpg,9
105576758.jpg,6
105578516.jpg,10
105579556.jpg,5
105579846.jpg,7
105579980.jpg,9
105581460.jpg,10
105582072.jpg,10
105583153.jpg,6
105584033.jpg,10
105584330.jpg,10
105584855.jpg,12
105585239.jpg,12
105585340.jpg,7
105585456.jpg,9
105585752.jpg,2
105586677.jpg,5
105587667.jpg,7
105589424.jpg,8
105589528.jpg,6
105589684.jpg,7
105590512.jpg,9
105591673.jpg,2
105591807.jpg,7
105593290.jpg,10
105593696.jpg,6
105594359.jpg,6
105595363.jpg,12
105601207.jpg,7
105603117.jpg,7
105603201.jpg,5
105603701.jpg,6
105604482.jpg,12
105604506.jpg,2
105605248.jpg,5
105606824.jpg,6
105607588.jpg,12
105607725.jpg,9
105607845.jpg,9
105608138.jpg,9
105610281.jpg,9
105610303.jpg,10
105610421.jpg,9
105610716.jpg,11
105610998.jpg,1
105611926.jpg,6
105613507.jpg,7
105614119.jpg,10
105615390.jpg,3
105616097.jpg,6
105616656.jpg,10
105619059.jpg,1
105619302.jpg,7
105619367.jpg,6
105620910.jpg,8
105620929.jpg,10
105620932.jpg,12
105621464.jpg,11
105622081.jpg,3
105622917.jpg,11
105623013.jpg,2
105623091.jpg,12
105623536.jpg,2
105624076.jpg,10
105624136.jpg,2
105624765.jpg,6
105625675.jpg,6
105628416.jpg,10
105628731.jpg,10
105629062.jpg,6
105630824.jpg,12
105631106.jpg,10
105631826.jpg,7
105631888.jpg,8
105632128.jpg,5
105633031.jpg,8
105633061.jpg,10
105633272.jpg,5
105633439.jpg,10
105637102.jpg,10
105637773.jpg,10
105639461.jpg,10
105639810.jpg,10
105639850.jpg,1
105640817.jpg,11
105640849.jpg,5
105643534.jpg,5
105643806.jpg,8
105644113.jpg,9
105644186.jpg,6
105645868.jpg,12
105648125.jpg,12
105648561.jpg,3
105648704.jpg,6
105649278.jpg,6
105649315.jpg,2
105650165.jpg,5
105650340.jpg,8
105652555.jpg,10
105652957.jpg,9
105653029.jpg,10
105654052.jpg,9
105654853.jpg,6
105655493.jpg,5
105656035.jpg,7
105656115.jpg,10
105658370.jpg,3
105659303.jpg,5
105659707.jpg,9
105660181.jpg,10
105660813.jpg,5
105660878.jpg,6
105662712.jpg,11
105662788.jpg,5
105663549.jpg,6
105664295.jpg,5
105667053.jpg,2
105668192.jpg,8
105669229.jpg,2
105669691.jpg,10
105670433.jpg,9
105671266.jpg,6
105672024.jpg,10
105672267.jpg,6
105672670.jpg,10
105673078.jpg,10
105674042.jpg,12
105674119.jpg,9
105676196.jpg,10
105677066.jpg,6
105677610.jpg,10
105677657.jpg,10
105677684.jpg,7
105678280.jpg,7
105683859.jpg,10
105684738.jpg,1
105685217.jpg,6
105685754.jpg,1
105686467.jpg,10
105687705.jpg,10
105688470.jpg,2
105689931.jpg,2
105691571.jpg,10
105694099.jpg,11
105695265.jpg,8
105695483.jpg,7
105698764.jpg,7
105699001.jpg,10
105699707.jpg,9
105699752.jpg,9
105700877.jpg,11
105701514.jpg,10
105701630.jpg,6
105702582.jpg,6
105702998.jpg,9
105703649.jpg,6
105703947.jpg,9
105704003.jpg,6
105704640.jpg,10
105705196.jpg,5
105705879.jpg,2
105706609.jpg,10
105708133.jpg,9
105708948.jpg,7
105709526.jpg,12
105710192.jpg,10
105710562.jpg,10
105710798.jpg,10
105711763.jpg,6
105712790.jpg,12
105714747.jpg,9
105715567.jpg,6
105716202.jpg,6
105716827.jpg,10
105717211.jpg,11
105717327.jpg,6
105718787.jpg,6
105720383.jpg,10
105725462.jpg,10
105727414.jpg,9
105728580.jpg,10
105728780.jpg,11
105729207.jpg,10
105729499.jpg,8
105730592.jpg,3
105731892.jpg,3
105731950.jpg,10
105732474.jpg,6
105733231.jpg,9
105735050.jpg,10
105735138.jpg,2
105735667.jpg,3
105738043.jpg,6
105738258.jpg,5
105738543.jpg,9
105738664.jpg,2
105738808.jpg,2
105739207.jpg,6
105740068.jpg,11
105741381.jpg,10
105742342.jpg,10
105742587.jpg,11
105744064.jpg,9
105746117.jpg,6
105747630.jpg,9
105747839.jpg,5
105748446.jpg,10
105748807.jpg,3
105751667.jpg,6
105751896.jpg,6
105752048.jpg,11
105754379.jpg,6
105756280.jpg,4
105756624.jpg,1
105762261.jpg,2
105762929.jpg,10
105763573.jpg,10
105764855.jpg,10
105765262.jpg,6
105765430.jpg,3
105766154.jpg,11
105766896.jpg,11
105768219.jpg,3
105768246.jpg,6
105768868.jpg,1
105771755.jpg,6
105774375.jpg,2
105774492.jpg,2
105775978.jpg,10
105777235.jpg,6
105777503.jpg,5
105777582.jpg,3
105777799.jpg,6
105777819.jpg,10
105779316.jpg,1
105780137.jpg,5
105781641.jpg,6
105783146.jpg,3
105783725.jpg,6
105783815.jpg,6
105784526.jpg,5
105785116.jpg,10
105785714.jpg,11
105787766.jpg,10
105788100.jpg,9
105790571.jpg,8
105790794.jpg,10
105791963.jpg,6
105792147.jpg,7
105792263.jpg,10
105793673.jpg,8
105794028.jpg,9
105794578.jpg,9
105795530.jpg,10
105795669.jpg,3
105796810.jpg,10
105797699.jpg,10
105798594.jpg,10
105798711.jpg,9
105798869.jpg,10
105800368.jpg,10
105800964.jpg,10
105802885.jpg,6
105803007.jpg,9
105803037.jpg,3
105803127.jpg,10
105804676.jpg,10
105804836.jpg,10
105805608.jpg,3
105805870.jpg,12
105806587.jpg,6
105807739.jpg,6
105808250.jpg,9
105808417.jpg,9
105808757.jpg,3
105808933.jpg,2
105809321.jpg,10
105809672.jpg,7
105810713.jpg,10
105812275.jpg,3
105813765.jpg,6
105813860.jpg,12
105816140.jpg,9
105816603.jpg,10
105818466.jpg,6
105818735.jpg,10
105819185.jpg,6
105819418.jpg,3
105819464.jpg,9
105820759.jpg,9
105821782.jpg,9
105822040.jpg,2
105822517.jpg,7
105822632.jpg,10
105824800.jpg,10
105825737.jpg,10
105826381.jpg,2
105826863.jpg,10
105828707.jpg,7
105828818.jpg,10
105828960.jpg,3
105831339.jpg,10
105833644.jpg,9
105833716.jpg,10
105834195.jpg,10
105834711.jpg,8
105836055.jpg,11
105837332.jpg,10
105838706.jpg,10
105838934.jpg,10
105839069.jpg,10
105839554.jpg,10
105840674.jpg,11
105840946.jpg,9
105840963.jpg,10
105841352.jpg,11
105841609.jpg,10
105842195.jpg,9
105843858.jpg,10
105844350.jpg,10
105845337.jpg,8
105845483.jpg,3
105846676.jpg,9
105848086.jpg,9
105848637.jpg,10
105849123.jpg,10
105849551.jpg,9
105849572.jpg,9
105849643.jpg,10
105850300.jpg,11
105850566.jpg,9
105851025.jpg,10
105851497.jpg,10
105851991.jpg,9
105852645.jpg,9
105852880.jpg,3
105853815.jpg,7
105854616.jpg,10
105855274.jpg,10
105855517.jpg,6
105856891.jpg,3
110011586.jpg,8
110012069.jpg,12
110012080.jpg,9
110012936.jpg,1
110013586.jpg,6
110014217.jpg,12
110014625.jpg,6
110017289.jpg,7
110017673.jpg,5
110018481.jpg,8
110019584.jpg,3
110019781.jpg,1
110021807.jpg,3
110022273.jpg,9
110560886.jpg,7
110681776.jpg,7
110682145.jpg,5
110684305.jpg,10
110757585.jpg,11
111550701.jpg,12
111551355.jpg,8
111553101.jpg,12
111644150.jpg,10
111676436.jpg,10
111676671.jpg,12
111732495.jpg,3
111817791.jpg,9
111844535.jpg,4
112023819.jpg,5
112095060.jpg,7
112606942.jpg,8
114457937.jpg,3
115056101.jpg,5
115238875.jpg,8
115239990.jpg,8
115242700.jpg,10
115243625.jpg,10
115243705.jpg,8
115244392.jpg,10
115244946.jpg,9
115245801.jpg,10
115246345.jpg,10
115246405.jpg,10
115246940.jpg,7
115247316.jpg,8
115247900.jpg,12
115249172.jpg,6
115249407.jpg,5
115249473.jpg,10
115249660.jpg,12
115249716.jpg,5
115250061.jpg,5
115250426.jpg,12
115250814.jpg,5
115250857.jpg,8
115251078.jpg,10
115251273.jpg,10
115251323.jpg,10
115251456.jpg,10
115251602.jpg,12
115251726.jpg,8
115252502.jpg,6
115252580.jpg,10
115252652.jpg,5
115252839.jpg,8
115253211.jpg,7
115253947.jpg,7
115254218.jpg,10
115254256.jpg,11
115254277.jpg,11
115254638.jpg,9
115255631.jpg,5
115255666.jpg,10
115256023.jpg,12
115256063.jpg,7
115256130.jpg,11
115256236.jpg,7
115256250.jpg,10
115256374.jpg,10
115256575.jpg,10
115256646.jpg,11
115256778.jpg,7
115256826.jpg,9
115257030.jpg,5
115257473.jpg,10
115257528.jpg,7
115257925.jpg,7
115258054.jpg,3
115258286.jpg,10
115258431.jpg,4
115258456.jpg,8
115258466.jpg,10
115258565.jpg,5
115258747.jpg,10
115259490.jpg,9
115259723.jpg,5
115260052.jpg,5
115260184.jpg,7
115260418.jpg,5
115260488.jpg,12
115260865.jpg,6
115261060.jpg,5
115261061.jpg,12
115261247.jpg,7
115261278.jpg,11
115261363.jpg,10
115261434.jpg,3
115261575.jpg,7
115261691.jpg,5
115261761.jpg,7
115261888.jpg,10
115262016.jpg,11
115262218.jpg,10
115262791.jpg,7
115263054.jpg,10
115263236.jpg,11
115263276.jpg,10
115263362.jpg,10
115263452.jpg,10
115263463.jpg,10
115263491.jpg,5
115264616.jpg,2
115265222.jpg,10
115265761.jpg,10
115265770.jpg,9
115265778.jpg,10
115265866.jpg,6
115266184.jpg,10
115266396.jpg,9
115266453.jpg,10
115266536.jpg,10
115266566.jpg,10
115266609.jpg,5
115266839.jpg,10
115266900.jpg,10
115267494.jpg,10
115267647.jpg,2
115268112.jpg,10
115268761.jpg,6
115268885.jpg,10
115268899.jpg,10
115269165.jpg,9
115269617.jpg,11
115269767.jpg,11
115269973.jpg,6
115270012.jpg,7
115270464.jpg,3
115270906.jpg,7
115271116.jpg,10
115271409.jpg,10
115271638.jpg,7
115272557.jpg,10
115272672.jpg,10
115272844.jpg,7
115273520.jpg,10
115274180.jpg,10
115274341.jpg,10
115274366.jpg,10
115274424.jpg,10
115274448.jpg,10
115274820.jpg,10
115274827.jpg,11
115275099.jpg,10
115275170.jpg,10
115275399.jpg,11
115275627.jpg,10
115275738.jpg,10
115275779.jpg,10
115275859.jpg,10
115276309.jpg,10
115276552.jpg,10
115277087.jpg,10
115277186.jpg,10
115277379.jpg,8
115278400.jpg,9
115279166.jpg,8
115304519.jpg,11
115452226.jpg,10
115455270.jpg,8
115456232.jpg,7
115457866.jpg,1
115457903.jpg,2
115459816.jpg,6
115459910.jpg,12
115460019.jpg,8
115460415.jpg,7
115460665.jpg,9
115461040.jpg,10
115461313.jpg,7
115461364.jpg,8
115461743.jpg,8
115461758.jpg,7
115461789.jpg,10
115462078.jpg,7
115462749.jpg,10
115463118.jpg,12
115463138.jpg,11
115463666.jpg,7
115464343.jpg,10
115464391.jpg,8
115464528.jpg,11
115465412.jpg,6
115465869.jpg,8
115466010.jpg,8
115466432.jpg,10
115466613.jpg,5
115466892.jpg,11
115468252.jpg,5
115468254.jpg,8
115468874.jpg,10
115469421.jpg,8
115469488.jpg,5
115469793.jpg,8
115470118.jpg,7
115470274.jpg,5
115470312.jpg,8
115470323.jpg,7
115470914.jpg,6
115471173.jpg,9
115471230.jpg,11
115472605.jpg,7
115473729.jpg,12
115473769.jpg,9
115473895.jpg,8
115474288.jpg,10
115474726.jpg,5
115475055.jpg,11
115475060.jpg,5
115475069.jpg,5
115475163.jpg,7
115475366.jpg,5
115475402.jpg,3
115475467.jpg,7
115475909.jpg,12
115476412.jpg,6
115476579.jpg,1
115476947.jpg,7
115477000.jpg,6
115477079.jpg,1
115477128.jpg,1
115477440.jpg,6
115477811.jpg,12
115477948.jpg,10
115478003.jpg,6
115478149.jpg,7
115478159.jpg,6
115478404.jpg,9
115478765.jpg,3
115479157.jpg,5
115479211.jpg,10
115479219.jpg,6
115479242.jpg,5
115479274.jpg,6
115479406.jpg,1
115479427.jpg,12
115479942.jpg,10
115480389.jpg,10
115480400.jpg,1
115480608.jpg,8
115480760.jpg,12
115480919.jpg,12
115480951.jpg,2
115481302.jpg,7
115481385.jpg,8
115481578.jpg,1
115481630.jpg,7
115481673.jpg,7
115481795.jpg,7
115482102.jpg,7
115482494.jpg,5
115482592.jpg,5
115482704.jpg,6
115482951.jpg,10
115483105.jpg,7
115483312.jpg,1
115483387.jpg,12
115483464.jpg,9
115483797.jpg,7
115484169.jpg,12
115484213.jpg,5
115484563.jpg,9
115485025.jpg,5
115485458.jpg,5
115485540.jpg,2
115485596.jpg,2
115485650.jpg,9
115485814.jpg,7
115486328.jpg,1
115486340.jpg,5
115486579.jpg,9
115486751.jpg,7
115486771.jpg,10
115486900.jpg,5
115486923.jpg,10
115487076.jpg,5
115487097.jpg,7
115487901.jpg,9
115488370.jpg,9
115488894.jpg,10
115489075.jpg,9
115489088.jpg,11
115489126.jpg,11
115489451.jpg,10
115489628.jpg,7
115489774.jpg,11
115490134.jpg,7
115490937.jpg,4
115491077.jpg,9
115491419.jpg,9
115491860.jpg,7
115492195.jpg,6
115492285.jpg,6
115492392.jpg,3
115492904.jpg,10
115493618.jpg,10
115493741.jpg,7
115494133.jpg,2
115494172.jpg,6
115494421.jpg,9
115494534.jpg,9
115495432.jpg,9
115496091.jpg,1
115496203.jpg,6
115496380.jpg,11
115496490.jpg,10
115496604.jpg,5
115496863.jpg,6
115496942.jpg,9
115497301.jpg,11
115497498.jpg,10
115497612.jpg,9
115497638.jpg,11
115497741.jpg,11
115497791.jpg,9
115497975.jpg,4
115498139.jpg,6
115498511.jpg,6
115498848.jpg,10
115498897.jpg,2
115498934.jpg,10
115499147.jpg,6
115499778.jpg,1
115499900.jpg,9
115499996.jpg,6
115500743.jpg,9
115500941.jpg,9
115500960.jpg,6
115501370.jpg,5
115501490.jpg,10
115501816.jpg,10
115501912.jpg,10
115502012.jpg,9
115502056.jpg,10
115502242.jpg,10
115502359.jpg,9
115502544.jpg,9
115502600.jpg,10
115502601.jpg,8
115502703.jpg,6
115502721.jpg,2
115502738.jpg,11
115502961.jpg,9
115503211.jpg,10
115503433.jpg,6
115503498.jpg,10
115503821.jpg,10
115504000.jpg,6
115504030.jpg,9
115504515.jpg,3
115504555.jpg,6
115504627.jpg,10
115504693.jpg,10
115504808.jpg,8
115504954.jpg,1
115504993.jpg,10
115505186.jpg,6
115505383.jpg,7
115505414.jpg,9
115505476.jpg,1
115505584.jpg,3
115505611.jpg,3
115505642.jpg,10
115506064.jpg,11
115506556.jpg,10
115506698.jpg,9
115506704.jpg,6
115506783.jpg,10
115507135.jpg,10
115507187.jpg,1
115507511.jpg,9
115507528.jpg,2
115507566.jpg,9
115507582.jpg,9
115508091.jpg,9
115508251.jpg,3
115508282.jpg,3
115508877.jpg,9
115509090.jpg,11
115509526.jpg,6
115511163.jpg,2
115517199.jpg,10
115712475.jpg,2
115714256.jpg,5
115715443.jpg,5
115717069.jpg,1
115718904.jpg,5
115718923.jpg,1
115719369.jpg,5
115719640.jpg,1
115720077.jpg,3
115720259.jpg,12
115720261.jpg,5
115722162.jpg,3
115723303.jpg,1
115723714.jpg,9
115724049.jpg,11
115724188.jpg,1
115724879.jpg,10
115725138.jpg,9
115725371.jpg,3
115725504.jpg,11
115726137.jpg,9
115726373.jpg,12
115726884.jpg,11
115727504.jpg,11
115727505.jpg,11
115728023.jpg,3
115728470.jpg,3
115728532.jpg,5
115728857.jpg,4
115730035.jpg,3
115730644.jpg,3
115731324.jpg,11
115732327.jpg,1
115732943.jpg,2
115733200.jpg,3
115734095.jpg,3
116948072.jpg,9
116949280.jpg,5
116949283.jpg,7
116951238.jpg,12
116951645.jpg,8
116951661.jpg,5
116952514.jpg,5
116953371.jpg,5
116953399.jpg,8
116953440.jpg,8
116953631.jpg,5
116954168.jpg,9
116954404.jpg,12
116955008.jpg,8
116955367.jpg,12
116956461.jpg,8
116958646.jpg,12
116958885.jpg,7
116959584.jpg,8
116959973.jpg,12
116960014.jpg,5
116960224.jpg,12
116961395.jpg,8
116961694.jpg,7
116961991.jpg,9
116962180.jpg,12
116962492.jpg,5
116962804.jpg,8
116963316.jpg,8
116963338.jpg,12
116963598.jpg,12
116964394.jpg,5
116964548.jpg,7
116966356.jpg,11
116966839.jpg,9
116967289.jpg,7
116967399.jpg,8
116968430.jpg,5
116968918.jpg,5
116969154.jpg,8
116969973.jpg,5
116969999.jpg,8
116970121.jpg,5
116970707.jpg,5
116970738.jpg,8
116971673.jpg,7
116971843.jpg,11
116973184.jpg,12
116973535.jpg,12
116973912.jpg,12
116974053.jpg,8
116974483.jpg,8
116974759.jpg,12
116974973.jpg,12
116975022.jpg,7
116975283.jpg,12
116975358.jpg,8
116975462.jpg,8
116975852.jpg,12
116976025.jpg,8
116976063.jpg,12
116976325.jpg,11
116976644.jpg,8
116976696.jpg,1
116976882.jpg,5
116976907.jpg,5
116977044.jpg,8
116977228.jpg,8
116977444.jpg,12
116977795.jpg,12
116977962.jpg,7
116978207.jpg,7
116978309.jpg,7
116978329.jpg,9
116978357.jpg,8
116978381.jpg,8
116978516.jpg,11
116978708.jpg,8
116978864.jpg,2
116979133.jpg,9
116979490.jpg,1
116979501.jpg,8
116979603.jpg,8
116979773.jpg,8
116979840.jpg,8
116980126.jpg,5
116980289.jpg,8
116980393.jpg,1
116980404.jpg,9
116980602.jpg,8
116980843.jpg,8
116980867.jpg,12
116980945.jpg,5
116981198.jpg,7
116981359.jpg,7
116981946.jpg,7
116982023.jpg,12
116982098.jpg,8
116982241.jpg,1
116982255.jpg,3
116982303.jpg,8
116982340.jpg,8
116982802.jpg,7
116982833.jpg,5
116983036.jpg,5
116983186.jpg,12
116983234.jpg,8
116983261.jpg,7
116983269.jpg,9
116983438.jpg,8
116983457.jpg,5
116983479.jpg,8
116983562.jpg,7
116983565.jpg,12
116983730.jpg,12
116983779.jpg,5
116984223.jpg,8
116984398.jpg,2
116984478.jpg,12
116984558.jpg,9
116984606.jpg,6
116984623.jpg,1
116984646.jpg,8
116984954.jpg,8
116985336.jpg,12
116985416.jpg,8
116985478.jpg,5
116985727.jpg,8
116986576.jpg,12
116986644.jpg,8
116986753.jpg,8
116986969.jpg,2
116987512.jpg,1
116987531.jpg,8
116988264.jpg,8
116988360.jpg,7
116988487.jpg,5
116988736.jpg,8
116988788.jpg,2
116989109.jpg,1
116989266.jpg,5
116989328.jpg,9
116989349.jpg,8
116989430.jpg,1
116989539.jpg,5
116989575.jpg,5
116989599.jpg,8
116989861.jpg,9
116990074.jpg,12
116990160.jpg,8
116990416.jpg,7
116990523.jpg,7
116990687.jpg,8
116990796.jpg,12
116990868.jpg,7
116991106.jpg,5
116991428.jpg,5
116991515.jpg,12
116991987.jpg,12
116992109.jpg,1
116992166.jpg,5
116992290.jpg,9
116992291.jpg,11
116992321.jpg,8
116992348.jpg,7
116992571.jpg,8
116993229.jpg,8
116993346.jpg,5
116993685.jpg,12
116993851.jpg,8
116993900.jpg,2
116993999.jpg,8
116994440.jpg,5
116994739.jpg,8
116994985.jpg,8
116995206.jpg,9
116995337.jpg,8
116995382.jpg,5
116995633.jpg,10
116995640.jpg,8
116995653.jpg,8
116995766.jpg,7
116995867.jpg,12
116995894.jpg,12
116996018.jpg,8
116996030.jpg,1
116996354.jpg,7
116996810.jpg,9
116996855.jpg,5
116996913.jpg,10
116997116.jpg,7
116997367.jpg,12
116997502.jpg,5
116997554.jpg,9
116997696.jpg,8
116997986.jpg,12
116998493.jpg,12
116998687.jpg,7
116998789.jpg,8
116998808.jpg,7
116999010.jpg,9
116999417.jpg,7
116999505.jpg,3
116999561.jpg,12
117000288.jpg,5
117000390.jpg,9
117000493.jpg,8
117000517.jpg,11
117000743.jpg,5
117001288.jpg,10
117001516.jpg,7
117002523.jpg,12
117002566.jpg,8
117002778.jpg,7
117003221.jpg,7
117003346.jpg,5
117003615.jpg,12
117003621.jpg,12
117003878.jpg,1
117003890.jpg,9
117004168.jpg,1
117004204.jpg,2
117004876.jpg,7
117005002.jpg,11
117005254.jpg,12
117005269.jpg,9
117005305.jpg,12
117005311.jpg,12
117005402.jpg,12
117005536.jpg,9
117005713.jpg,11
117006308.jpg,12
117006316.jpg,1
117006723.jpg,5
117006991.jpg,2
117007015.jpg,5
117007016.jpg,9
117008074.jpg,11
117008169.jpg,2
117008238.jpg,5
117008364.jpg,12
117008867.jpg,7
117009024.jpg,5
117009195.jpg,2
117009302.jpg,12
117009580.jpg,5
117009937.jpg,12
117010334.jpg,12
117010400.jpg,9
117010529.jpg,5
117011014.jpg,12
117011071.jpg,10
117011183.jpg,12
117011319.jpg,1
117011339.jpg,12
117011798.jpg,2
117011819.jpg,4
117011939.jpg,7
117012039.jpg,2
117012242.jpg,5
117012488.jpg,11
117012499.jpg,5
117012514.jpg,7
117012519.jpg,11
117012750.jpg,1
117012882.jpg,5
117013019.jpg,7
117013103.jpg,7
117013141.jpg,12
117013264.jpg,1
117013292.jpg,11
117013517.jpg,5
117013630.jpg,5
117013696.jpg,12
117013891.jpg,5
117014032.jpg,12
117014046.jpg,5
117014079.jpg,5
117014427.jpg,9
117014519.jpg,5
117014520.jpg,5
117014862.jpg,5
117014940.jpg,12
117016235.jpg,5
117016256.jpg,5
117016700.jpg,5
117016735.jpg,12
117016778.jpg,12
117016911.jpg,9
117017357.jpg,12
117017531.jpg,7
117017537.jpg,4
117017561.jpg,5
117017708.jpg,5
117018685.jpg,1
117018699.jpg,5
117018801.jpg,1
117019056.jpg,12
117019271.jpg,7
117019272.jpg,5
117019295.jpg,11
117019344.jpg,1
117019644.jpg,5
117019660.jpg,4
117019974.jpg,12
117020719.jpg,5
117020831.jpg,1
117021097.jpg,7
117021993.jpg,7
117022150.jpg,2
117022287.jpg,8
117022323.jpg,9
117022336.jpg,5
117022681.jpg,4
117022953.jpg,1
117023025.jpg,5
117023110.jpg,2
117023166.jpg,8
117023205.jpg,7
117023311.jpg,12
117024003.jpg,10
117024032.jpg,5
117024736.jpg,5
117024742.jpg,12
117024749.jpg,1
117024881.jpg,5
117024882.jpg,2
117025063.jpg,1
117025240.jpg,12
117025403.jpg,5
117025479.jpg,11
117026152.jpg,11
117026240.jpg,9
117026837.jpg,7
117026924.jpg,7
117026997.jpg,5
117027080.jpg,7
117027140.jpg,9
117027165.jpg,7
117027224.jpg,2
117027372.jpg,5
117027708.jpg,12
117027715.jpg,1
117028082.jpg,5
117028236.jpg,5
117028286.jpg,1
117028420.jpg,5
117028734.jpg,5
117028865.jpg,12
117029634.jpg,9
117029669.jpg,11
117029991.jpg,12
117030133.jpg,12
117030203.jpg,12
117031091.jpg,1
117031095.jpg,7
117031164.jpg,12
117031497.jpg,7
117031498.jpg,12
117031534.jpg,12
117031749.jpg,5
117031981.jpg,5
117032023.jpg,5
117032202.jpg,7
117032459.jpg,7
117032695.jpg,12
117033148.jpg,7
117033593.jpg,11
117033862.jpg,5
117034073.jpg,12
117034508.jpg,4
117034733.jpg,9
117034913.jpg,7
117034970.jpg,12
117035356.jpg,12
117035647.jpg,12
117036073.jpg,1
117036665.jpg,3
117036988.jpg,7
117037031.jpg,12
117037330.jpg,7
117037443.jpg,12
117037555.jpg,5
117037668.jpg,1
117037696.jpg,12
117038357.jpg,12
117038366.jpg,5
117038401.jpg,7
117038530.jpg,9
117038771.jpg,5
117039521.jpg,1
117039733.jpg,3
117039857.jpg,7
117040054.jpg,9
117040168.jpg,5
117040174.jpg,5
117040781.jpg,5
117041485.jpg,12
117041516.jpg,7
117041588.jpg,5
117041732.jpg,7
117041927.jpg,12
117042210.jpg,7
117042704.jpg,1
117042999.jpg,9
117043256.jpg,9
117043645.jpg,12
117043788.jpg,1
117043803.jpg,7
117043811.jpg,5
117043982.jpg,5
117044219.jpg,7
117044370.jpg,7
117044414.jpg,5
117044710.jpg,5
117044799.jpg,9
117045366.jpg,5
117045382.jpg,5
117045451.jpg,8
117045690.jpg,11
117045791.jpg,1
117045976.jpg,7
117046026.jpg,5
117046753.jpg,5
117047071.jpg,9
117047078.jpg,9
117047866.jpg,5
117047904.jpg,9
117047925.jpg,12
117048251.jpg,1
117048288.jpg,7
117048631.jpg,7
117049248.jpg,12
117049577.jpg,7
117049588.jpg,7
117049775.jpg,5
117049940.jpg,5
117050115.jpg,2
117050148.jpg,11
117050217.jpg,5
117050233.jpg,1
117050254.jpg,9
117050692.jpg,1
117050881.jpg,9
117051037.jpg,12
117051183.jpg,5
117051209.jpg,12
117051272.jpg,9
117051391.jpg,1
117051492.jpg,8
117051573.jpg,12
117051676.jpg,5
117051709.jpg,9
117051718.jpg,7
117051933.jpg,5
117052518.jpg,9
117052660.jpg,1
117052798.jpg,11
117053122.jpg,5
117053416.jpg,9
117053815.jpg,5
117053999.jpg,2
117054004.jpg,6
117054051.jpg,1
117054092.jpg,12
117054231.jpg,12
117054254.jpg,12
117054664.jpg,7
117055349.jpg,1
117055541.jpg,2
117055770.jpg,1
117056273.jpg,2
117056392.jpg,5
117056466.jpg,2
117056854.jpg,7
117057030.jpg,12
117057191.jpg,12
117057583.jpg,5
117057612.jpg,12
117057837.jpg,1
117058022.jpg,9
117058173.jpg,3
117058402.jpg,5
117058693.jpg,7
117058896.jpg,12
117059436.jpg,7
117059497.jpg,1
117059549.jpg,5
117059641.jpg,5
117059675.jpg,5
117059847.jpg,11
117060377.jpg,7
117060456.jpg,9
117061524.jpg,12
117061566.jpg,12
117062234.jpg,12
117062688.jpg,7
117062848.jpg,7
117063057.jpg,9
117063210.jpg,1
117063265.jpg,2
117063407.jpg,12
117064125.jpg,7
117064280.jpg,7
117064367.jpg,2
117064819.jpg,7
117064847.jpg,11
117065121.jpg,2
117065186.jpg,3
117065275.jpg,5
117065636.jpg,7
117065668.jpg,5
117066197.jpg,11
117066598.jpg,12
117066947.jpg,7
117066957.jpg,12
117067063.jpg,7
117067207.jpg,11
117067265.jpg,11
117067372.jpg,6
117067606.jpg,1
117067927.jpg,8
117067945.jpg,2
117068028.jpg,1
117068131.jpg,5
117068855.jpg,5
117068882.jpg,5
117069308.jpg,5
117070400.jpg,2
117070658.jpg,2
117070795.jpg,5
117070799.jpg,10
117071154.jpg,2
117071751.jpg,9
117071851.jpg,12
117071926.jpg,9
117072048.jpg,5
117072102.jpg,5
117072168.jpg,12
117072431.jpg,12
117072595.jpg,7
117072689.jpg,12
117072806.jpg,6
117072951.jpg,7
117072980.jpg,1
117072989.jpg,7
117073213.jpg,1
117073528.jpg,8
117073560.jpg,9
117073752.jpg,7
117074134.jpg,7
117074156.jpg,10
117074264.jpg,7
117074440.jpg,7
117074452.jpg,5
117074513.jpg,1
117074989.jpg,1
117075070.jpg,7
117075074.jpg,1
117075364.jpg,5
117075446.jpg,9
117075542.jpg,10
117075647.jpg,5
117075759.jpg,9
117075839.jpg,5
117075868.jpg,2
117075931.jpg,9
117076011.jpg,12
117076034.jpg,5
117076047.jpg,12
117076239.jpg,2
117076272.jpg,5
117076592.jpg,12
117077150.jpg,5
117077190.jpg,5
117078005.jpg,1
117078007.jpg,12
117078195.jpg,10
117078252.jpg,5
117078840.jpg,12
117078889.jpg,5
117078914.jpg,5
117079147.jpg,5
117079213.jpg,2
117079533.jpg,5
117079795.jpg,5
117079851.jpg,9
117079968.jpg,7
117080484.jpg,5
117080985.jpg,12
117081017.jpg,7
117081026.jpg,2
117081185.jpg,7
117081479.jpg,11
117081491.jpg,9
117081647.jpg,1
117081879.jpg,8
117082115.jpg,7
117082645.jpg,11
117082751.jpg,5
117082791.jpg,2
117083046.jpg,7
117083052.jpg,9
117083160.jpg,5
117083399.jpg,7
117083403.jpg,5
117083474.jpg,12
117083552.jpg,4
117084321.jpg,2
117084527.jpg,5
117084584.jpg,5
117084603.jpg,12
117085145.jpg,7
117085184.jpg,5
117085217.jpg,5
117085370.jpg,7
117085414.jpg,5
117085465.jpg,7
117085879.jpg,7
117085942.jpg,10
117085949.jpg,5
117086063.jpg,5
117086458.jpg,7
117086584.jpg,12
117086634.jpg,5
117086738.jpg,7
117086770.jpg,1
117086831.jpg,2
117087090.jpg,11
117087220.jpg,11
117087258.jpg,5
117087283.jpg,10
117087482.jpg,5
117087596.jpg,9
117087631.jpg,9
117087881.jpg,5
117087942.jpg,5
117088352.jpg,1
117088367.jpg,12
117088701.jpg,5
117089757.jpg,12
117089836.jpg,2
117090434.jpg,12
117090457.jpg,1
117090484.jpg,12
117090770.jpg,5
117090802.jpg,5
117090811.jpg,7
117090822.jpg,7
117090979.jpg,7
117091375.jpg,9
117091570.jpg,10
117091571.jpg,1
117091750.jpg,5
117091982.jpg,12
117092272.jpg,5
117092532.jpg,7
117092749.jpg,12
117093136.jpg,1
117093310.jpg,3
117093467.jpg,12
117094125.jpg,9
117094219.jpg,5
117094240.jpg,11
117094288.jpg,5
117094527.jpg,7
117094660.jpg,1
117094824.jpg,9
117094911.jpg,5
117094999.jpg,5
117095037.jpg,7
117095135.jpg,11
117095202.jpg,12
117095284.jpg,7
117095464.jpg,1
117095602.jpg,7
117095759.jpg,12
117095897.jpg,12
117096014.jpg,12
117096102.jpg,5
117096283.jpg,7
117096507.jpg,9
117096685.jpg,5
117096711.jpg,9
117096812.jpg,12
117096940.jpg,5
117097033.jpg,2
117097391.jpg,5
117097480.jpg,1
117097495.jpg,5
117097612.jpg,7
117097745.jpg,5
117097778.jpg,5
117097997.jpg,1
117097999.jpg,9
117098058.jpg,5
117098335.jpg,12
117098427.jpg,12
117098506.jpg,12
117098558.jpg,7
117098597.jpg,12
117098708.jpg,9
117098826.jpg,12
117098986.jpg,7
117099129.jpg,7
117099187.jpg,2
117099393.jpg,5
117099504.jpg,7
117099565.jpg,11
117099597.jpg,8
117099708.jpg,5
117099835.jpg,11
117100044.jpg,5
117100090.jpg,12
117100151.jpg,5
117100314.jpg,5
117100426.jpg,6
117100460.jpg,1
117100684.jpg,12
117101420.jpg,12
117101538.jpg,7
117101741.jpg,12
117101753.jpg,5
117101888.jpg,9
117101928.jpg,12
117102043.jpg,9
117102544.jpg,5
117102640.jpg,7
117102642.jpg,7
117102731.jpg,9
117102770.jpg,3
117102877.jpg,3
117102944.jpg,9
117103121.jpg,7
117103122.jpg,1
117103291.jpg,1
117103329.jpg,7
117103349.jpg,12
117103484.jpg,11
117103646.jpg,7
117103969.jpg,7
117104099.jpg,1
117104230.jpg,8
117104495.jpg,1
117104633.jpg,7
117104986.jpg,5
117105111.jpg,1
117105133.jpg,9
117105513.jpg,2
117105574.jpg,7
117105626.jpg,10
117105709.jpg,7
117105835.jpg,12
117105912.jpg,12
117106001.jpg,9
117106024.jpg,7
117106092.jpg,8
117106105.jpg,7
117106113.jpg,7
117106162.jpg,2
117106213.jpg,7
117106270.jpg,7
117106384.jpg,7
117106501.jpg,11
117106522.jpg,11
117106625.jpg,9
117106662.jpg,11
117106681.jpg,12
117106713.jpg,3
117106799.jpg,5
117107019.jpg,7
117107065.jpg,12
117107148.jpg,5
117107195.jpg,12
117107661.jpg,1
117107743.jpg,7
117107773.jpg,12
117107814.jpg,5
117107816.jpg,2
117107835.jpg,2
117107836.jpg,11
117107877.jpg,5
117107970.jpg,12
117107995.jpg,2
117108227.jpg,12
117108402.jpg,9
117108827.jpg,5
117109125.jpg,5
117109243.jpg,5
117109405.jpg,7
117109493.jpg,11
117109512.jpg,7
117109524.jpg,10
117109581.jpg,5
117109619.jpg,8
117109752.jpg,7
117109919.jpg,2
117109991.jpg,5
117110008.jpg,9
117110262.jpg,5
117110283.jpg,2
117110415.jpg,6
117110439.jpg,5
117110481.jpg,1
117110607.jpg,5
117110742.jpg,12
117111294.jpg,3
117111417.jpg,11
117111565.jpg,9
117111614.jpg,2
117111788.jpg,2
117111796.jpg,5
117111811.jpg,11
117111931.jpg,8
117112490.jpg,12
117112594.jpg,5
117112754.jpg,7
117113701.jpg,5
117113733.jpg,3
117113778.jpg,7
117113878.jpg,7
117113922.jpg,11
117114078.jpg,11
117114117.jpg,5
117114385.jpg,5
117114414.jpg,2
117114456.jpg,1
117114510.jpg,7
117114639.jpg,2
117114836.jpg,5
117114894.jpg,3
117115015.jpg,7
117115049.jpg,11
117115105.jpg,10
117115165.jpg,9
117115339.jpg,5
117116036.jpg,7
117116447.jpg,2
117116527.jpg,11
117116787.jpg,10
117116923.jpg,2
117117090.jpg,8
117117226.jpg,1
117117405.jpg,12
117117455.jpg,10
117117474.jpg,9
117117549.jpg,7
117117574.jpg,5
117117612.jpg,9
117117645.jpg,7
117117690.jpg,9
117117847.jpg,2
117117892.jpg,7
117118005.jpg,9
117118018.jpg,5
117118053.jpg,1
117118258.jpg,6
117118404.jpg,9
117118465.jpg,7
117118476.jpg,5
117118494.jpg,9
117118547.jpg,10
117119354.jpg,5
117119673.jpg,12
117119715.jpg,5
117119749.jpg,7
117119997.jpg,1
117120018.jpg,2
117120026.jpg,7
117120177.jpg,5
117120229.jpg,11
117120328.jpg,5
117120347.jpg,11
117120735.jpg,9
117121114.jpg,1
117121215.jpg,9
117121261.jpg,5
117121464.jpg,7
117121478.jpg,2
117121557.jpg,5
117121586.jpg,1
117121791.jpg,1
117121880.jpg,8
117122091.jpg,2
117122229.jpg,7
117122277.jpg,7
117122320.jpg,7
117122556.jpg,11
117122625.jpg,1
117123244.jpg,1
117123321.jpg,11
117123485.jpg,8
117123506.jpg,10
117123625.jpg,10
117123646.jpg,4
117123657.jpg,7
117123779.jpg,2
117123995.jpg,5
117124268.jpg,1
117124468.jpg,7
117124520.jpg,3
117124786.jpg,9
117124838.jpg,7
117124874.jpg,9
117125063.jpg,7
117125176.jpg,11
117125277.jpg,9
117125411.jpg,5
117125450.jpg,7
117125611.jpg,7
117125642.jpg,8
117125673.jpg,7
117125922.jpg,7
117126224.jpg,7
117126333.jpg,2
117126619.jpg,7
117126697.jpg,3
117126964.jpg,2
117127110.jpg,2
117127303.jpg,7
117127309.jpg,7
117127484.jpg,7
117127762.jpg,7
117128135.jpg,9
117128160.jpg,9
117128167.jpg,10
117128179.jpg,9
117128214.jpg,2
117128263.jpg,7
117128698.jpg,9
117128783.jpg,7
117128840.jpg,5
117128867.jpg,10
117128991.jpg,7
117129030.jpg,7
117129405.jpg,9
117129420.jpg,7
117129467.jpg,3
117129727.jpg,7
117129940.jpg,11
117129967.jpg,2
117130284.jpg,12
117130364.jpg,11
117130827.jpg,7
117131168.jpg,12
117131738.jpg,9
117131789.jpg,11
117132090.jpg,9
117132209.jpg,7
117132920.jpg,11
117133660.jpg,9
117134269.jpg,10
117134349.jpg,1
117134693.jpg,12
117135174.jpg,3
117135322.jpg,9
117135848.jpg,9
117135913.jpg,11
117137036.jpg,11
117137945.jpg,9
117138409.jpg,10
117138818.jpg,10
117138879.jpg,2
117139033.jpg,11
117139510.jpg,3
117140074.jpg,11
117140147.jpg,3
117140730.jpg,8
117141190.jpg,3
117141364.jpg,4
117141420.jpg,10
117141475.jpg,3
117141507.jpg,11
117141625.jpg,11
117142451.jpg,12
117142564.jpg,9
117142572.jpg,9
117142876.jpg,11
117143423.jpg,10
117143831.jpg,9
117143949.jpg,11
117144028.jpg,3
117144365.jpg,11
117144496.jpg,9
117145362.jpg,11
117145652.jpg,3
117145848.jpg,3
117146033.jpg,3
117146090.jpg,9
117147465.jpg,9
117148259.jpg,5
117148808.jpg,9
117149447.jpg,9
117150069.jpg,9
117151186.jpg,9
117151322.jpg,9
117151349.jpg,11
117152272.jpg,12
117152321.jpg,9
117153858.jpg,8
117153892.jpg,3
117154055.jpg,9
117154364.jpg,1
117154572.jpg,4
117156330.jpg,10
117157128.jpg,11
117157325.jpg,9
117157902.jpg,9
117158483.jpg,2
117158521.jpg,10
117158703.jpg,2
117158862.jpg,5
117159535.jpg,4
117159660.jpg,3
117159756.jpg,9
117159764.jpg,9
117160212.jpg,11
117160524.jpg,3
117160832.jpg,11
117161717.jpg,3
117161836.jpg,8
117161899.jpg,11
117162051.jpg,3
117162184.jpg,3
117163651.jpg,12
117163666.jpg,11
117163760.jpg,11
117163826.jpg,3
117164510.jpg,9
117164757.jpg,3
117165097.jpg,9
117165350.jpg,12
117166609.jpg,3
117166866.jpg,5
117167482.jpg,11
117167853.jpg,9
117167962.jpg,5
117168073.jpg,9
117168119.jpg,9
117169029.jpg,11
117169423.jpg,9
117170482.jpg,2
117170839.jpg,3
117170984.jpg,9
117172182.jpg,2
117172193.jpg,7
117172270.jpg,12
117172763.jpg,3
117173260.jpg,9
117173305.jpg,1
117174613.jpg,3
117174807.jpg,11
117174856.jpg,1
117175104.jpg,3
117176010.jpg,11
117176124.jpg,10
117176630.jpg,12
117177122.jpg,2
117177427.jpg,9
117177428.jpg,9
117178057.jpg,9
117178128.jpg,3
117178502.jpg,11
117178617.jpg,9
117178948.jpg,10
117180196.jpg,9
117180427.jpg,7
117181082.jpg,9
117182109.jpg,9
117182288.jpg,9
117182499.jpg,5
117182933.jpg,9
117183179.jpg,12
117184028.jpg,2
117184244.jpg,9
117184869.jpg,3
117185017.jpg,9
117187767.jpg,3
117188091.jpg,11
117188276.jpg,9
117188291.jpg,11
117188412.jpg,11
117188686.jpg,10
117188707.jpg,3
117188949.jpg,3
117188971.jpg,1
117189002.jpg,3
117189470.jpg,3
117190110.jpg,9
117190265.jpg,9
117190576.jpg,9
117190943.jpg,9
117190993.jpg,11
117191000.jpg,9
117191045.jpg,9
117191181.jpg,11
117191221.jpg,2
117191316.jpg,9
117191460.jpg,3
117191786.jpg,11
117192185.jpg,5
117192315.jpg,6
117192375.jpg,9
117192400.jpg,11
117192568.jpg,4
117192642.jpg,9
117192948.jpg,3
117193672.jpg,11
117193996.jpg,7
117194262.jpg,9
117194819.jpg,9
117194820.jpg,2
117195008.jpg,11
117195298.jpg,2
117195631.jpg,1
117195638.jpg,9
117195647.jpg,3
117196478.jpg,9
117196494.jpg,5
117196651.jpg,9
117196730.jpg,2
117196731.jpg,11
117196789.jpg,12
117196927.jpg,11
117196956.jpg,2
117197025.jpg,3
117197189.jpg,3
117197564.jpg,4
117197665.jpg,2
117197957.jpg,11
117197974.jpg,3
117198705.jpg,9
117199313.jpg,4
117199496.jpg,3
117199567.jpg,4
117199913.jpg,11
117199947.jpg,2
117200036.jpg,3
117200453.jpg,9
117200578.jpg,11
117200603.jpg,9
117200871.jpg,2
117201004.jpg,3
117201386.jpg,11
117201687.jpg,9
117201846.jpg,11
117202075.jpg,9
117202200.jpg,2
117202277.jpg,3
117202474.jpg,9
117202755.jpg,4
117203522.jpg,1
117203842.jpg,3
117204692.jpg,11
117204739.jpg,10
117205750.jpg,9
117205972.jpg,9
117206247.jpg,9
117206796.jpg,9
117207172.jpg,2
117207247.jpg,3
117207604.jpg,9
117207713.jpg,3
117207808.jpg,11
117208200.jpg,2
117208439.jpg,11
117209023.jpg,11
117209069.jpg,9
117209075.jpg,3
117209095.jpg,11
117209108.jpg,10
117209283.jpg,3
117209308.jpg,11
117209389.jpg,9
117209402.jpg,9
117209446.jpg,10
117209563.jpg,9
117209626.jpg,2
117209704.jpg,2
117209976.jpg,2
117210354.jpg,2
117211299.jpg,9
117211680.jpg,3
117212017.jpg,3
117212225.jpg,3
117212273.jpg,9
117212558.jpg,10
117212863.jpg,2
117212958.jpg,3
117212980.jpg,12
117212985.jpg,9
117213007.jpg,3
117213161.jpg,11
117213283.jpg,3
117213718.jpg,12
117214186.jpg,7
117214379.jpg,9
117214825.jpg,5
117215309.jpg,10
117215467.jpg,3
117215547.jpg,3
117215645.jpg,2
117216115.jpg,11
117216196.jpg,9
117216299.jpg,11
117216430.jpg,3
117216489.jpg,9
117216553.jpg,3
117216597.jpg,11
117216773.jpg,10
117216875.jpg,11
117216927.jpg,3
117216936.jpg,2
117217046.jpg,12
117217201.jpg,11
117217388.jpg,3
117217694.jpg,9
117217907.jpg,9
117217922.jpg,11
117218111.jpg,11
117218141.jpg,11
117218200.jpg,9
117218298.jpg,9
117218364.jpg,7
117218365.jpg,9
117218696.jpg,3
117218768.jpg,11
117218838.jpg,3
117219177.jpg,3
117219382.jpg,9
117219529.jpg,10
117219621.jpg,11
117219951.jpg,9
117220041.jpg,3
117220901.jpg,9
117221179.jpg,11
117221427.jpg,2
117221547.jpg,10
117221595.jpg,3
117221672.jpg,2
117221755.jpg,11
117221933.jpg,1
117222131.jpg,11
117222235.jpg,2
117222277.jpg,9
117222313.jpg,11
117222329.jpg,9
117222503.jpg,11
117222823.jpg,11
117223226.jpg,10
117223289.jpg,11
117223588.jpg,11
117223701.jpg,11
117224368.jpg,11
117224412.jpg,2
117224511.jpg,8
117224519.jpg,9
117224595.jpg,11
117224682.jpg,11
117224718.jpg,9
117224873.jpg,11
117224910.jpg,9
117225458.jpg,9
117225539.jpg,9
117225640.jpg,3
117225957.jpg,11
117226789.jpg,11
117227001.jpg,11
117227163.jpg,2
117227626.jpg,11
117227641.jpg,11
117227835.jpg,11
117228061.jpg,9
117228855.jpg,9
117228964.jpg,11
117229163.jpg,2
117229484.jpg,9
117229766.jpg,2
117229773.jpg,3
117229941.jpg,2
117230018.jpg,3
117230323.jpg,9
117231051.jpg,9
117231060.jpg,9
117231732.jpg,9
117231845.jpg,3
117231864.jpg,1
117231966.jpg,9
117232835.jpg,9
117232873.jpg,4
117232897.jpg,3
117233018.jpg,3
117233121.jpg,3
117235737.jpg,9
117235836.jpg,3
117235930.jpg,4
117236578.jpg,9
117237436.jpg,2
117237653.jpg,2
117237695.jpg,9
117238059.jpg,8
117238209.jpg,9
117238388.jpg,9
117238605.jpg,7
117238708.jpg,9
117238907.jpg,1
117238958.jpg,9
117238975.jpg,4
117239672.jpg,9
117239709.jpg,9
117239797.jpg,10
117239890.jpg,9
117240060.jpg,2
117240137.jpg,3
117240884.jpg,9
117242357.jpg,2
117242754.jpg,9
117244464.jpg,9
117245810.jpg,9
117245938.jpg,9
117246923.jpg,3
117247611.jpg,11
117247706.jpg,9
117247884.jpg,9
117248165.jpg,9
117248359.jpg,9
117248499.jpg,9
117248683.jpg,2
117249526.jpg,9
117251440.jpg,5
117254416.jpg,1
117254863.jpg,9
117255208.jpg,1
117256019.jpg,2
117256121.jpg,2
117257599.jpg,1
117258783.jpg,9
117259393.jpg,2
117259656.jpg,3
117261209.jpg,4
117261531.jpg,4
117261881.jpg,3
117261975.jpg,3
117262090.jpg,2
117262223.jpg,2
117267336.jpg,3
117267949.jpg,8
117269351.jpg,9
117269454.jpg,11
117269872.jpg,3
117273008.jpg,3
117273129.jpg,3
117274377.jpg,12
117275294.jpg,4
117276039.jpg,3
117276202.jpg,1
117277025.jpg,3
117277332.jpg,2
117277447.jpg,9
117278260.jpg,2
117279966.jpg,2
117281426.jpg,9
117282151.jpg,2
117282567.jpg,4
117284230.jpg,5
117285142.jpg,2
117285404.jpg,3
117285695.jpg,2
117286787.jpg,3
117287106.jpg,3
117287245.jpg,9
117287784.jpg,3
117296914.jpg,2
117304479.jpg,2
120965764.jpg,1
121061980.jpg,9
121072529.jpg,11
121094344.jpg,5
121138461.jpg,5
121139627.jpg,11
